age,mortality,mortality_NOD_NT,mortality_NOD_YT
18,0.000731095,0.023868905,0.006068905
19,0.000837309,0.023762691,0.005962691
20,0.000949771,0.023650229,0.005850229
21,0.001065377,0.023534623,0.005734623
22,0.001170536,0.023429464,0.005629464
23,0.001259372,0.023340628,0.005540628
24,0.001335812,0.023264188,0.005464188
25,0.001406597,0.023193403,0.005393403
26,0.001480615,0.023119385,0.005319385
27,0.001561253,0.023038747,0.005238747
28,0.001652279,0.022947721,0.005147721
29,0.001750364,0.022849636,0.005049636
30,0.001850966,0.022749034,0.004949034
31,0.001948431,0.022651569,0.004851569
32,0.002041784,0.022558216,0.004758216
33,0.00213031,0.02246969,0.00466969
34,0.00221802,0.02238198,0.00458198
35,0.002310758,0.022289242,0.004489242
36,0.002412149,0.022187851,0.004387851
37,0.002522016,0.022077984,0.004277984
38,0.002641758,0.021958242,0.004158242
39,0.002772094,0.021827906,0.004027906
40,0.00292075,0.02167925,0.00387925
41,0.003083231,0.021516769,0.003716769
42,0.003248794,0.021351206,0.003551206
43,0.003415476,0.021184524,0.003384524
44,0.003593671,0.021006329,0.003206329
45,0.003799224,0.020800776,0.003000776
46,0.004044,0.020556,0.002756
47,0.00432458,0.02027542,0.00247542
48,0.004635794,0.019964206,0.002164206
49,0.004971669,0.019628331,0.001828331
50,0.005321744,0.019278256,0.001478256
51,0.005701861,0.018898139,0.001098139
52,0.006136425,0.018463575,0.000663575
53,0.006641487,0.017958513,0.000158513
54,0.007210123,0.017389877,0
55,0.007796746,0.016803254,0
56,0.008404253,0.016195747,0
57,0.009082823,0.015517177,0
58,0.009843204,0.014756796,0
59,0.010662873,0.013937127,0
60,0.011533099,0.013066901,0
61,0.01241001,0.01218999,0
62,0.013260809,0.011339191,0
63,0.014079162,0.010520838,0
64,0.014908238,0.009691762,0
65,0.015789367,0.008810633,0
66,0.016866721,0.007733279,0
67,0.018013636,0.006586364,0
68,0.01930677,0.00529323,0
69,0.020738644,0.003861356,0
70,0.022162273,0.002437727,0
71,0.023816727,0.000783273,0
72,0.025698483,0,0
73,0.028002913,0,0
74,0.030342516,0,0
75,0.03430429,0,0
76,0.037628327,0,0
77,0.041875127,0,0
78,0.045782842,0,0
79,0.050787876,0,0
80,0.055624923,0,0
81,0.061305845,0,0
82,0.067612362,0,0
83,0.074930262,0,0
84,0.083993826,0,0
85,0.093297455,0,0
86,0.104804254,0,0
87,0.117546259,0,0
88,0.131609663,0,0
89,0.147075208,0,0
90,0.164014876,0,0
91,0.182488138,0,0
92,0.202538009,0,0
93,0.224186636,0,0
94,0.247431275,0,0
95,0.27224027,0,0
96,0.298549968,0,0
97,0.326262405,0,0
98,0.355244469,0,0
99,0.385328515,0,0
100,0.462661219,0,0
101,0.462661219,0,0
102,0.462661219,0,0
103,0.462661219,0,0
104,0.462661219,0,0
105,0.462661219,0,0
106,0.462661219,0,0
107,0.462661219,0,0
108,0.462661219,0,0
109,0.462661219,0,0
110,0.462661219,0,0
111,0.462661219,0,0
112,0.462661219,0,0
113,0.462661219,0,0
114,0.462661219,0,0
115,0.462661219,0,0
116,0.462661219,0,0
117,0.462661219,0,0
118,0.462661219,0,0
119,0.462661219,0,0
120,0.462661219,0,0