Age,Cost,LowerLimit,UpperLimit
0,1541.731713,1166.477905,1995.481323
1,1576.439865,1234.096436,1997.44519
2,1610.188489,1302.179688,1997.098389
3,1649.067183,1367.705444,2003.387817
4,1694.460779,1427.007935,2013.573242
5,1745.073792,1494.599731,2039.076782
6,1800.90154,1573.408203,2071.919922
7,1861.607235,1658.998779,2106.083984
8,1927.41191,1740.852539,2147.168213
9,1998.490264,1822.197754,2203.604736
10,2074.706053,1905.778931,2269.480957
11,2155.47948,1990.696289,2340.696533
12,2240.42506,2076.874023,2416.903809
13,2329.373285,2166.078369,2495.93042
14,2421.495552,2262.279541,2581.097656
15,2516.097048,2363.513184,2667.602539
16,2613.299348,2460.773682,2755.156738
17,2712.346214,2566.252197,2845.094727
18,2812.848783,2674.821533,2947.463135
19,2913.898106,2779.739502,3044.155762
20,3015.718317,2884.003906,3141.674561
21,3117.19089,2986.397705,3240.27002
22,3218.802583,3083.868164,3346.499268
23,3321.243769,3179.80542,3455.513428
24,3424.603206,3275.532715,3567.374023
25,3529.070601,3369.752441,3681.06958
26,3634.541984,3463.261719,3798.220703
27,3741.88077,3558.762939,3918.834717
28,3851.126331,3659.141602,4041.160889
29,3962.807528,3758.743652,4164.946777
30,4077.439187,3861.125732,4291.358398
31,4194.849161,3966.83667,4416.532227
32,4315.191892,4076.015137,4541.709473
33,4438.475191,4188.825684,4672.22168
34,4566.50736,4308.932129,4802.929199
35,4699.608139,4432.102539,4936.067383
36,4834.69923,4562.785156,5079.007324
37,4977.042704,4696.577148,5227.586426
38,5122.689665,4837.36084,5384.1875
39,5276.74033,4982.02832,5543.025879
40,5437.15222,5135.899414,5705.435059
41,5602.976098,5291.734375,5872.12207
42,5774.843765,5454.854492,6045.230957
43,5951.973595,5630.769531,6218.76709
44,6119.016365,5806.206055,6386.172852
45,6264.433413,5944.8125,6545.156738
46,6412.516189,6082.286133,6703.908691
47,6563.490503,6222.897949,6865.069336
48,6717.377306,6366.706543,7027.844238
49,6874.052707,6513.349609,7192.78418
50,7033.181885,6662.406738,7360.146973
51,7194.509063,6813.809082,7529.489258
52,7358.235078,6968.285156,7700.75293
53,7524.957517,7127.106934,7878.974121
54,7695.658148,7291.930664,8060.78125
55,7872.519909,7465.786133,8247.069336
56,8067.664564,7668.170898,8442.650391
57,8265.097643,7881.584473,8641.040039
58,8467.328088,8101.653809,8842.65332
59,8672.803275,8312.019531,9051.041992
60,8880.85477,8523.495117,9276.860352
61,9090.325886,8738.317383,9498.851563
62,9301.096072,8941.99707,9709.166016
63,9512.4062,9145.249023,9922.083984
64,9723.458309,9330.691406,10138.30078
65,9934.620947,9523.870117,10368.72949
66,10146.61566,9709.323242,10595.00488
67,10356.81193,9901.328125,10823.97754
68,10566.46577,10089.83496,11061.10742
69,10777.2042,10277.31348,11286.5127
70,10985.01184,10466.53516,11490.73535
71,11192.12265,10653.94629,11693.40234
72,11398.83943,10838.88672,11896.2627
73,11603.86211,11025.38086,12099.43457
74,11808.15222,11209.22656,12300.66016
75,12011.7864,11392.72656,12502.43066
76,12214.65266,11567.14355,12713.91113
77,12415.1836,11730.625,12956.30762
78,12617.98683,11910.37891,13200.34375
79,12814.16767,12091.19629,13466.9502
80,13014.47627,12267.44336,13732.07617
81,13214.59938,12444.51953,14002.9375
82,13404.36644,12621.02832,14279.0127
83,13602.78953,12780.94629,14545.4668
84,13800.5198,12948.79492,14821.09277
85,13978.53321,13100.48145,15108.3457
86,13978.53321,13100.48145,15108.3457
87,13978.53321,13100.48145,15108.3457
88,13978.53321,13100.48145,15108.3457
89,13978.53321,13100.48145,15108.3457
90,13978.53321,13100.48145,15108.3457
91,13978.53321,13100.48145,15108.3457
92,13978.53321,13100.48145,15108.3457
93,13978.53321,13100.48145,15108.3457
94,13978.53321,13100.48145,15108.3457
95,13978.53321,13100.48145,15108.3457
96,13978.53321,13100.48145,15108.3457
97,13978.53321,13100.48145,15108.3457
98,13978.53321,13100.48145,15108.3457
99,13978.53321,13100.48145,15108.3457
100,13978.53321,13100.48145,15108.3457
101,13978.53321,13100.48145,15108.3457
102,13978.53321,13100.48145,15108.3457
103,13978.53321,13100.48145,15108.3457
104,13978.53321,13100.48145,15108.3457
105,13978.53321,13100.48145,15108.3457
106,13978.53321,13100.48145,15108.3457
107,13978.53321,13100.48145,15108.3457
108,13978.53321,13100.48145,15108.3457
109,13978.53321,13100.48145,15108.3457
110,13978.53321,13100.48145,15108.3457
111,13978.53321,13100.48145,15108.3457
112,13978.53321,13100.48145,15108.3457
113,13978.53321,13100.48145,15108.3457
114,13978.53321,13100.48145,15108.3457
115,13978.53321,13100.48145,15108.3457
116,13978.53321,13100.48145,15108.3457
117,13978.53321,13100.48145,15108.3457
118,13978.53321,13100.48145,15108.3457
119,13978.53321,13100.48145,15108.3457
120,13978.53321,13100.48145,15108.3457