Age,Multiplier
18,0.913
19,0.913
20,0.913
21,0.913
22,0.913
23,0.913
24,0.913
25,0.913
26,0.913
27,0.913
28,0.913
29,0.913
30,0.893
31,0.893
32,0.893
33,0.893
34,0.893
35,0.893
36,0.893
37,0.893
38,0.893
39,0.893
40,0.863
41,0.863
42,0.863
43,0.863
44,0.863
45,0.863
46,0.863
47,0.863
48,0.863
49,0.863
50,0.837
51,0.837
52,0.837
53,0.837
54,0.837
55,0.837
56,0.837
57,0.837
58,0.837
59,0.837
60,0.811
61,0.811
62,0.811
63,0.811
64,0.811
65,0.811
66,0.811
67,0.811
68,0.811
69,0.811
70,0.771
71,0.771
72,0.771
73,0.771
74,0.771
75,0.771
76,0.771
77,0.771
78,0.771
79,0.771
80,0.724
81,0.724
82,0.724
83,0.724
84,0.724
85,0.724
86,0.724
87,0.724
88,0.724
89,0.724
90,0.724
91,0.724
92,0.724
93,0.724
94,0.724
95,0.724
96,0.724
97,0.724
98,0.724
99,0.724
100,0.724
101,0.724
102,0.724
103,0.724
104,0.724
105,0.724
106,0.724
107,0.724
108,0.724
109,0.724
110,0.724
111,0.724
112,0.724
113,0.724
114,0.724
115,0.724
116,0.724
117,0.724
118,0.724
119,0.724
120,0.724